{"cameraMode":{"drawMode":0,"name":"Shaded","section":"Shading Mode"},"sceneLighting":false,"audioPlay":false,"sceneViewState":{"m_AlwaysRefresh":false,"showFog":true,"showSkybox":false,"showFlares":true,"showImageEffects":true,"showParticleSystems":true,"showVisualEffectGraphs":true,"m_FxEnabled":true},"in2DMode":false,"pivot":{"x":1.3849999904632569,"y":0.9071084260940552,"z":1.1380000114440919},"rotation":{"x":-0.2785951793193817,"y":0.006618569139391184,"z":-0.0020150411874055864,"w":-0.9604802131652832},"size":0.09474626183509827,"orthographic":false}